{
 "p_scale_0.5": {
  "mean": 0.34531388640996774,
  "ci95": [
   0.2969788126783758,
   0.3936489601415597
  ]
 },
 "p_scale_1.0": {
  "mean": 0.3552844115716944,
  "ci95": [
   0.3238067228819599,
   0.3867621002614289
  ]
 },
 "p_scale_2.0": {
  "mean": 0.3652061374387166,
  "ci95": [
   0.34702129618622923,
   0.383390978691204
  ]
 },
 "delta_scale_0.5": {
  "mean": 0.18902547401225264,
  "ci95": [
   0.16460304654370964,
   0.21344790148079565
  ]
 },
 "delta_scale_1.0": {
  "mean": 0.3552844115716944,
  "ci95": [
   0.3238067228819599,
   0.3867621002614289
  ]
 },
 "delta_scale_1.2": {
  "mean": 0.4169339911195619,
  "ci95": [
   0.3854158015150562,
   0.4484521807240676
  ]
 },
 "delta_scale_1.5": {
  "mean": 0.5076947537723117,
  "ci95": [
   0.4807655280922023,
   0.534623979452421
  ]
 },
 "theta_0.2": {
  "ri0": 0.03746666666666666,
  "ri1": 0.5788666666666666,
  "ri0_ci95": [
   0.025089994215521588,
   0.04984333911781173
  ],
  "ri1_ci95": [
   0.32263191339895964,
   0.8351014199343736
  ]
 },
 "theta_0.3": {
  "ri0": 0.3732666666666667,
  "ri1": 0.9915333333333333,
  "ri0_ci95": [
   0.08861320980391435,
   0.657920123529419
  ],
  "ri1_ci95": [
   0.9863088632889524,
   0.9967578033777141
  ]
 },
 "theta_0.4": {
  "ri0": 0.9882666666666665,
  "ri1": 1.0,
  "ri0_ci95": [
   0.9773169997343549,
   0.9992163335989781
  ],
  "ri1_ci95": [
   1.0,
   1.0
  ]
 },
 "shock_0.05": {
  "ri0": 0.9066666666666666,
  "ri1": 0.9994,
  "ri0_ci95": [
   0.7609999132183114,
   1.0523334201150218
  ],
  "ri1_ci95": [
   0.9984881818990673,
   1.0003118181009325
  ]
 },
 "shock_0.1": {
  "ri0": 0.18226666666666666,
  "ri1": 0.9974666666666667,
  "ri0_ci95": [
   0.11925900291139993,
   0.2452743304219334
  ],
  "ri1_ci95": [
   0.9953126622037015,
   0.9996206711296319
  ]
 },
 "shock_0.2": {
  "ri0": 0.047466666666666664,
  "ri1": 0.9791333333333332,
  "ri0_ci95": [
   0.029176616894609344,
   0.06575671643872398
  ],
  "ri1_ci95": [
   0.9655863881704136,
   0.9926802784962527
  ]
 },
 "rho_0.05": {
  "ri1": 0.9971333333333334,
  "ri1_ci95": [
   0.9943159611099147,
   0.9999507055567521
  ]
 },
 "rho_0.1": {
  "ri1": 0.9975333333333334,
  "ri1_ci95": [
   0.9947159611099147,
   1.000350705556752
  ]
 },
 "rho_0.15": {
  "ri1": 0.9989333333333332,
  "ri1_ci95": [
   0.9971890240030873,
   1.0006776426635793
  ]
 },
 "prec_platform_0.1": {
  "ri1": 0.9856666666666667,
  "ri1_ci95": [
   0.9757359242749014,
   0.995597409058432
  ],
  "mttr1": 2.7
 },
 "prec_platform_0.15": {
  "ri1": 0.9932666666666667,
  "ri1_ci95": [
   0.9873294650436589,
   0.9992038682896746
  ],
  "mttr1": 2.0
 },
 "prec_platform_0.2": {
  "ri1": 0.9971333333333334,
  "ri1_ci95": [
   0.9951471848549803,
   0.9991194818116865
  ],
  "mttr1": 1.4
 },
 "prec_platform_0.25": {
  "ri1": 0.9959999999999999,
  "ri1_ci95": [
   0.9932650076501399,
   0.9987349923498599
  ],
  "mttr1": 1.3
 },
 "prec_baseline_0.05": {
  "ri0": 0.44580000000000003,
  "ri0_ci95": [
   0.12628134579886008,
   0.76531865420114
  ]
 },
 "prec_baseline_0.1": {
  "ri0": 0.4718,
  "ri0_ci95": [
   0.157855949426012,
   0.785744050573988
  ]
 }
}