{
 "cpr0": {
  "mean": 0.012313333333333332,
  "sd": 0.0005897008787824396,
  "ci95": [
   0.012093135406344326,
   0.012533531260322339
  ]
 },
 "cpr1": {
  "mean": 0.007905,
  "sd": 0.0004355634480088743,
  "ci95": [
   0.007742357935565969,
   0.008067642064434033
  ]
 },
 "mttd0": {
  "mean": 1.62541712131625,
  "sd": 0.04292255405716885,
  "ci95": [
   1.609389576225972,
   1.641444666406528
  ]
 },
 "mttd1": {
  "mean": 1.5300144686054438,
  "sd": 0.04238186686937473,
  "ci95": [
   1.5141888194291544,
   1.5458401177817331
  ]
 },
 "ri0": {
  "mean": 0.39191111111111115,
  "sd": 0.39056170310667787,
  "ci95": [
   0.2460729743883826,
   0.5377492478338397
  ]
 },
 "ri1": {
  "mean": 0.9962,
  "sd": 0.00492129628127819,
  "ci95": [
   0.9943623577677659,
   0.998037642232234
  ]
 },
 "cs0": {
  "mean": 0.7274900398406375,
  "sd": 0.3574490709948149,
  "ci95": [
   0.5940163631526919,
   0.8609637165285832
  ]
 },
 "cs1": {
  "mean": 0.0891102257636122,
  "sd": 0.019503352351375108,
  "ci95": [
   0.08182755430825323,
   0.09639289721897118
  ]
 },
 "mttr0": {
  "mean": 36.53333333333333,
  "sd": 29.24065819974001,
  "ci95": [
   25.614692118704358,
   47.45197454796231
  ]
 },
 "mttr1": {
  "mean": 1.3333333333333333,
  "sd": 1.470006646321671,
  "ci95": [
   0.7844238305216276,
   1.882242836145039
  ]
 },
 "ai": {
  "mean": 8.078727679639028e-07,
  "sd": 1.2085076275573856e-06,
  "ci95": [
   3.566086035150028e-07,
   1.2591369324128029e-06
  ]
 },
 "cpr_rel_reduction": {
  "mean": 0.35745410634647956,
  "sd": 0.032143099212920065,
  "ci95": [
   0.34545167584595077,
   0.36945653684700835
  ]
 },
 "test_cpr": {
  "welch_t": 32.935245978577285,
  "p": 3.787080882444728e-37,
  "cohens_d": 8.503843945218307
 },
 "test_ri": {
  "welch_t": -8.473856511028002,
  "p": 2.444853370312889e-09,
  "cohens_d": -2.187940343024182
 },
 "test_cs": {
  "welch_t": 9.767425261153386,
  "p": 1.0555104827893308e-10,
  "cohens_d": 2.5219383581181805
 },
 "test_mttr": {
  "welch_t": 6.585185802924955,
  "p": 3.1640761146387593e-07,
  "cohens_d": 1.7002876630939912
 }
}