{
 "p_scale_0.5": {
  "mean": 0.34590425247917783,
  "ci95": [
   0.3213508438430496,
   0.37045766111530604
  ]
 },
 "p_scale_1.0": {
  "mean": 0.36020259005349986,
  "ci95": [
   0.3454377948459447,
   0.374967385261055
  ]
 },
 "p_scale_2.0": {
  "mean": 0.3713102433265875,
  "ci95": [
   0.3604380664718349,
   0.38218242018134013
  ]
 },
 "delta_scale_0.5": {
  "mean": 0.18441779894549964,
  "ci95": [
   0.16666240951641925,
   0.20217318837458004
  ]
 },
 "delta_scale_1.0": {
  "mean": 0.36020259005349986,
  "ci95": [
   0.3454377948459447,
   0.374967385261055
  ]
 },
 "delta_scale_1.2": {
  "mean": 0.41486023916680254,
  "ci95": [
   0.39617121108504866,
   0.4335492672485564
  ]
 },
 "delta_scale_1.5": {
  "mean": 0.5044711789672742,
  "ci95": [
   0.4826615591184377,
   0.5262807988161107
  ]
 },
 "theta_0.2": {
  "ri0": 0.041666666666666664,
  "ri1": 0.9848666666666667
 },
 "theta_0.3": {
  "ri0": 0.7899333333333335,
  "ri1": 0.9976666666666667
 },
 "theta_0.4": {
  "ri0": 0.992,
  "ri1": 0.9998000000000001
 },
 "shock_0.05": {
  "ri0": 0.9748000000000001,
  "ri1": 0.9998000000000001
 },
 "shock_0.1": {
  "ri0": 0.546,
  "ri1": 0.9975999999999999
 },
 "shock_0.2": {
  "ri0": 0.055600000000000004,
  "ri1": 0.9766666666666668
 },
 "rho_0.05": {
  "ri1": 0.9973333333333333
 },
 "rho_0.1": {
  "ri1": 0.9979333333333333
 },
 "rho_0.15": {
  "ri1": 0.9986666666666666
 },
 "prec_platform_0.1": {
  "ri1": 0.9953333333333333,
  "ri1_ci95": [
   0.9902812448618779,
   1.0003854218047887
  ],
  "mttr1": 1.0
 },
 "prec_platform_0.15": {
  "ri1": 0.9970666666666667,
  "ri1_ci95": [
   0.993611530203482,
   1.0005218031298513
  ],
  "mttr1": 1.0
 },
 "prec_platform_0.2": {
  "ri1": 0.9983333333333333,
  "ri1_ci95": [
   0.9959303355921652,
   1.0007363310745014
  ],
  "mttr1": 1.0
 },
 "prec_platform_0.25": {
  "ri1": 0.9977333333333334,
  "ri1_ci95": [
   0.9935806408722696,
   1.0018860257943971
  ],
  "mttr1": 1.0
 },
 "prec_baseline_0.05": {
  "ri0": 0.4498666666666666,
  "ri0_ci95": [
   0.15630057521147894,
   0.7434327581218543
  ]
 },
 "prec_baseline_0.1": {
  "ri0": 0.5416666666666666,
  "ri0_ci95": [
   0.24943509312789197,
   0.8338982402054413
  ]
 }
}