{
 "cpr0": {
  "mean": 0.012313333333333332,
  "sd": 0.0005897008787824396,
  "ci95": [
   0.012093135406344326,
   0.012533531260322339
  ]
 },
 "cpr1": {
  "mean": 0.007905,
  "sd": 0.0004355634480088743,
  "ci95": [
   0.007742357935565969,
   0.008067642064434033
  ]
 },
 "mttd0": {
  "mean": 1.62541712131625,
  "sd": 0.04292255405716885,
  "ci95": [
   1.609389576225972,
   1.641444666406528
  ]
 },
 "mttd1": {
  "mean": 1.5300144686054438,
  "sd": 0.04238186686937473,
  "ci95": [
   1.5141888194291544,
   1.5458401177817331
  ]
 },
 "ri0": {
  "mean": 0.39191111111111115,
  "sd": 0.39056170310667787,
  "ci95": [
   0.2460729743883826,
   0.5377492478338397
  ]
 },
 "ri1": {
  "mean": 0.9962,
  "sd": 0.00492129628127819,
  "ci95": [
   0.9943623577677659,
   0.998037642232234
  ]
 },
 "cs0": {
  "mean": 0.7428950863213811,
  "sd": 0.36671858616854774,
  "ci95": [
   0.6059601157827913,
   0.879830056859971
  ]
 },
 "cs1": {
  "mean": 0.1095617529880478,
  "sd": 0.02168953393960931,
  "ci95": [
   0.10146274791157459,
   0.117660758064521
  ]
 },
 "mttr0": {
  "mean": 36.53333333333333,
  "sd": 29.24065819974001,
  "ci95": [
   25.614692118704358,
   47.45197454796231
  ]
 },
 "mttr1": {
  "mean": 1.3333333333333333,
  "sd": 1.470006646321671,
  "ci95": [
   0.7844238305216276,
   1.882242836145039
  ]
 },
 "ai": {
  "mean": 8.078727679639028e-07,
  "sd": 1.2085076275573856e-06,
  "ci95": [
   3.566086035150028e-07,
   1.2591369324128029e-06
  ]
 },
 "cpr_rel_reduction": {
  "mean": 0.35745410634647956,
  "sd": 0.032143099212920065,
  "ci95": [
   0.34545167584595077,
   0.36945653684700835
  ]
 },
 "test_cpr": {
  "paired_t": 46.27501042456563,
  "p": 9.879647420594554e-29,
  "dz": 8.44862235277377
 },
 "test_mttd": {
  "paired_t": 20.461999403795485,
  "p": 8.833350649553054e-19,
  "dz": 3.735832881705349
 },
 "test_ri": {
  "paired_t": -8.508598906051999,
  "p": 2.249839495358614e-09,
  "dz": -1.5534505178694866
 },
 "test_cs": {
  "paired_t": 9.483913437109468,
  "p": 2.1654177015928131e-10,
  "dz": 1.7315177743104027
 },
 "test_mttr": {
  "paired_t": 6.648245888282469,
  "p": 2.7365142406960885e-07,
  "dz": 1.2137980802844262
 }
}