{
 "p_scale_0.5": {
  "mean": 0.34590425247917783,
  "ci95": [
   0.3213508438430496,
   0.37045766111530604
  ]
 },
 "p_scale_1.0": {
  "mean": 0.36020259005349986,
  "ci95": [
   0.3454377948459447,
   0.374967385261055
  ]
 },
 "p_scale_2.0": {
  "mean": 0.3713102433265875,
  "ci95": [
   0.3604380664718349,
   0.38218242018134013
  ]
 },
 "delta_scale_0.5": {
  "mean": 0.18441779894549964,
  "ci95": [
   0.16666240951641925,
   0.20217318837458004
  ]
 },
 "delta_scale_1.0": {
  "mean": 0.36020259005349986,
  "ci95": [
   0.3454377948459447,
   0.374967385261055
  ]
 },
 "delta_scale_1.5": {
  "mean": 0.5044711789672742,
  "ci95": [
   0.4826615591184377,
   0.5262807988161107
  ]
 },
 "theta_0.2": {
  "ri0": 0.041666666666666664,
  "ri1": 0.9848666666666667
 },
 "theta_0.3": {
  "ri0": 0.7899333333333335,
  "ri1": 0.9976666666666667
 },
 "theta_0.4": {
  "ri0": 0.992,
  "ri1": 0.9998000000000001
 },
 "shock_0.05": {
  "ri0": 0.9748000000000001,
  "ri1": 0.9998000000000001
 },
 "shock_0.1": {
  "ri0": 0.546,
  "ri1": 0.9975999999999999
 },
 "shock_0.2": {
  "ri0": 0.055600000000000004,
  "ri1": 0.9766666666666668
 },
 "rho_0.05": {
  "ri1": 0.9973333333333333
 },
 "rho_0.1": {
  "ri1": 0.9979333333333333
 },
 "rho_0.15": {
  "ri1": 0.9986666666666666
 }
}